video_id,source_path,download_ref,fold,subject_id,class_label,expected_size_bytes,container,status,attempts,feature_file,extracted_at,error_msg,archive_id
f1_s01_c00,Fold1_part1/01/0.mov,Fold1_part1/01/0.mov,1,01,0,1142591554,mov,done,0,data/features/f1_s01_c00.parquet,2026-07-12T10:01:58+00:00,,fold1_part1
f1_s01_c05,Fold1_part1/01/5.mov,Fold1_part1/01/5.mov,1,01,5,475181147,mov,done,0,data/features/f1_s01_c05.parquet,2026-07-12T10:14:58+00:00,,fold1_part1
f1_s01_c10,Fold1_part1/01/10.MOV,Fold1_part1/01/10.MOV,1,01,10,461505450,mov,done,0,data/features/f1_s01_c10.parquet,2026-07-12T10:27:52+00:00,,fold1_part1
f1_s02_c00,Fold1_part1/02/0.mov,Fold1_part1/02/0.mov,1,02,0,808348620,mov,done,0,data/features/f1_s02_c00.parquet,2026-07-12T10:47:13+00:00,,fold1_part1
f1_s02_c05,Fold1_part1/02/5.MOV,Fold1_part1/02/5.MOV,1,02,5,1296098203,mov,done,0,data/features/f1_s02_c05.parquet,2026-07-12T11:02:54+00:00,,fold1_part1
f1_s02_c10,Fold1_part1/02/10.MOV,Fold1_part1/02/10.MOV,1,02,10,1299917174,mov,done,0,data/features/f1_s02_c10.parquet,2026-07-12T11:18:26+00:00,,fold1_part1
f1_s03_c00,Fold1_part1/03/0.MOV,Fold1_part1/03/0.MOV,1,03,0,1108555155,mov,done,0,data/features/f1_s03_c00.parquet,2026-07-12T12:17:56+00:00,,fold1_part1
f1_s03_c05,Fold1_part1/03/5.mov,Fold1_part1/03/5.mov,1,03,5,605118918,mov,done,0,data/features/f1_s03_c05.parquet,2026-07-12T12:29:53+00:00,,fold1_part1
f1_s03_c10,Fold1_part1/03/10.mov,Fold1_part1/03/10.mov,1,03,10,604195534,mov,done,0,data/features/f1_s03_c10.parquet,2026-07-12T12:36:52+00:00,,fold1_part1
f1_s04_c00,Fold1_part1/04/0.mp4,Fold1_part1/04/0.mp4,1,04,0,63598959,mp4,done,0,data/features/f1_s04_c00.parquet,2026-07-12T12:39:38+00:00,,fold1_part1
f1_s04_c05,Fold1_part1/04/5.mp4,Fold1_part1/04/5.mp4,1,04,5,698932216,mp4,done,0,data/features/f1_s04_c05.parquet,2026-07-12T12:46:47+00:00,,fold1_part1
f1_s04_c10,Fold1_part1/04/10.mp4,Fold1_part1/04/10.mp4,1,04,10,63024482,mp4,done,0,data/features/f1_s04_c10.parquet,2026-07-12T15:57:16+00:00,,fold1_part1
f1_s05_c00,Fold1_part1/05/0.MOV,Fold1_part1/05/0.MOV,1,05,0,354142515,mov,pending,0,,,,fold1_part1
f1_s05_c05,Fold1_part1/05/5.MOV,Fold1_part1/05/5.MOV,1,05,5,346431792,mov,pending,0,,,,fold1_part1
f1_s05_c10,Fold1_part1/05/10.MOV,Fold1_part1/05/10.MOV,1,05,10,525105790,mov,pending,0,,,,fold1_part1
f1_s06_c00,Fold1_part1/06/0.mp4,Fold1_part1/06/0.mp4,1,06,0,1306635253,mp4,pending,0,,,,fold1_part1
f1_s06_c05,Fold1_part1/06/5.mp4,Fold1_part1/06/5.mp4,1,06,5,939485077,mp4,pending,0,,,,fold1_part1
f1_s06_c10,Fold1_part1/06/10.mp4,Fold1_part1/06/10.mp4,1,06,10,920002739,mp4,pending,0,,,,fold1_part1
f1_s07_c00,Fold1_part2/07/0.mp4,Fold1_part2/07/0.mp4,1,07,0,1108281654,mp4,extracting,0,,,,fold1_part2
f1_s07_c05,Fold1_part2/07/5.mp4,Fold1_part2/07/5.mp4,1,07,5,1108322795,mp4,pending,0,,,,fold1_part2
f1_s07_c10,Fold1_part2/07/10.mp4,Fold1_part2/07/10.mp4,1,07,10,1110974181,mp4,pending,0,,,,fold1_part2
f1_s08_c00,Fold1_part2/08/0.mp4,Fold1_part2/08/0.mp4,1,08,0,378970860,mp4,pending,0,,,,fold1_part2
f1_s08_c05,Fold1_part2/08/5.mp4,Fold1_part2/08/5.mp4,1,08,5,978292489,mp4,pending,0,,,,fold1_part2
f1_s08_c10,Fold1_part2/08/10.mp4,Fold1_part2/08/10.mp4,1,08,10,975146622,mp4,pending,0,,,,fold1_part2
f1_s09_c00,Fold1_part2/09/0.mp4,Fold1_part2/09/0.mp4,1,09,0,563085810,mp4,pending,0,,,,fold1_part2
f1_s09_c05,Fold1_part2/09/5.mp4,Fold1_part2/09/5.mp4,1,09,5,682905896,mp4,pending,0,,,,fold1_part2
f1_s09_c10,Fold1_part2/09/10.mp4,Fold1_part2/09/10.mp4,1,09,10,642409702,mp4,pending,0,,,,fold1_part2
f1_s10_c00,Fold1_part2/10/0.MOV,Fold1_part2/10/0.MOV,1,10,0,20739103,mov,pending,0,,,,fold1_part2
f1_s10_c05,Fold1_part2/10/5.MOV,Fold1_part2/10/5.MOV,1,10,5,434558488,mov,pending,0,,,,fold1_part2
f1_s10_c10,Fold1_part2/10/10.MOV,Fold1_part2/10/10.MOV,1,10,10,643112050,mov,pending,0,,,,fold1_part2
f1_s11_c00,Fold1_part2/11/0.mp4,Fold1_part2/11/0.mp4,1,11,0,634260739,mp4,pending,0,,,,fold1_part2
f1_s11_c05,Fold1_part2/11/5.mp4,Fold1_part2/11/5.mp4,1,11,5,339916887,mp4,pending,0,,,,fold1_part2
f1_s11_c10,Fold1_part2/11/10.mp4,Fold1_part2/11/10.mp4,1,11,10,365219624,mp4,pending,0,,,,fold1_part2
f1_s12_c00,Fold1_part2/12/0.mp4,Fold1_part2/12/0.mp4,1,12,0,571389197,mp4,pending,0,,,,fold1_part2
f1_s12_c05,Fold1_part2/12/5.mp4,Fold1_part2/12/5.mp4,1,12,5,636122811,mp4,pending,0,,,,fold1_part2
f1_s12_c10,Fold1_part2/12/10.mp4,Fold1_part2/12/10.mp4,1,12,10,509965939,mp4,pending,0,,,,fold1_part2
