archive_id,download_ref,fold,part,expected_size_bytes,status,attempts,error_msg
fold1_part1,16x8afSOwfbdGAjUbfRFvwGj1ie8Lf5Do,1,1,12880106338.0,failed,1,"Failed to retrieve file url:

	Too many users have viewed or downloaded this file recently. Please
	try accessing the file again later. If the file you are trying to
	access is particularly large or is shared with many people, it may
	take up to 24 hours to be able to view or download the file. If you
	still can't access a file after 24 hours, contact your domain
	administrator.

You may still be able to access the file from the browser:

	https://drive.google.com/uc?id=16x8afSOwfbdGAjUbfRFvwGj1"
fold1_part2,1qPoJ06jeznytP_BGJ25hxdQy7eYTTjyk,1,2,11679386528.0,failed,2,"Failed to retrieve file url:

	Too many users have viewed or downloaded this file recently. Please
	try accessing the file again later. If the file you are trying to
	access is particularly large or is shared with many people, it may
	take up to 24 hours to be able to view or download the file. If you
	still can't access a file after 24 hours, contact your domain
	administrator.

You may still be able to access the file from the browser:

	https://drive.google.com/uc?id=1qPoJ06jeznytP_BGJ25hxdQy"
fold2_part1,12uVMVLv_kRXzQb4QDdru9RK3G9hzfpPQ,2,1,11333579094.0,done,0,
fold2_part2,1nYGUpqE3x5ZeRLgDeMlUN4K_ccPjM2pe,2,2,12192957897.0,failed,2,"Failed to retrieve file url:

	Too many users have viewed or downloaded this file recently. Please
	try accessing the file again later. If the file you are trying to
	access is particularly large or is shared with many people, it may
	take up to 24 hours to be able to view or download the file. If you
	still can't access a file after 24 hours, contact your domain
	administrator.

You may still be able to access the file from the browser:

	https://drive.google.com/uc?id=1nYGUpqE3x5ZeRLgDeMlUN4K_"
fold3_part1,1-JhE5TfkNyr4UbQk6PSkkpI7z-SChkWS,3,1,12813328785.0,failed,2,"Failed to retrieve file url:

	Too many users have viewed or downloaded this file recently. Please
	try accessing the file again later. If the file you are trying to
	access is particularly large or is shared with many people, it may
	take up to 24 hours to be able to view or download the file. If you
	still can't access a file after 24 hours, contact your domain
	administrator.

You may still be able to access the file from the browser:

	https://drive.google.com/uc?id=1-JhE5TfkNyr4UbQk6PSkkpI7"
fold3_part2,1LZU5KfJkFMj2pIkGwb3RjHDazoUfxSYQ,3,2,8103809654.0,failed,2,"Failed to retrieve file url:

	Too many users have viewed or downloaded this file recently. Please
	try accessing the file again later. If the file you are trying to
	access is particularly large or is shared with many people, it may
	take up to 24 hours to be able to view or download the file. If you
	still can't access a file after 24 hours, contact your domain
	administrator.

You may still be able to access the file from the browser:

	https://drive.google.com/uc?id=1LZU5KfJkFMj2pIkGwb3RjHDa"
fold4_part1,1IYKdrjvawf90bG_cfeoWA4rZSymllFbD,4,1,12437963092.0,done,0,
fold4_part2,1zJlASBwABBgVSULQLiia0R_Eqar8_B3D,4,2,14334448068.0,failed,2,"Failed to retrieve file url:

	Too many users have viewed or downloaded this file recently. Please
	try accessing the file again later. If the file you are trying to
	access is particularly large or is shared with many people, it may
	take up to 24 hours to be able to view or download the file. If you
	still can't access a file after 24 hours, contact your domain
	administrator.

You may still be able to access the file from the browser:

	https://drive.google.com/uc?id=1zJlASBwABBgVSULQLiia0R_E"
fold5_part1,16w30wEgcAbaUr4gx9o4sl_2TbIunD5yA,5,1,10909873879.0,failed,2,"Failed to retrieve file url:

	Too many users have viewed or downloaded this file recently. Please
	try accessing the file again later. If the file you are trying to
	access is particularly large or is shared with many people, it may
	take up to 24 hours to be able to view or download the file. If you
	still can't access a file after 24 hours, contact your domain
	administrator.

You may still be able to access the file from the browser:

	https://drive.google.com/uc?id=16w30wEgcAbaUr4gx9o4sl_2T"
fold5_part2,1loOQE1-hoNM5dIOjXHI2Ss5NjjoPZcX6,5,2,12827442801.0,failed,2,"Failed to retrieve file url:

	Too many users have viewed or downloaded this file recently. Please
	try accessing the file again later. If the file you are trying to
	access is particularly large or is shared with many people, it may
	take up to 24 hours to be able to view or download the file. If you
	still can't access a file after 24 hours, contact your domain
	administrator.

You may still be able to access the file from the browser:

	https://drive.google.com/uc?id=1loOQE1-hoNM5dIOjXHI2Ss5N"
